ubn,country_code,farm_name,recent_mpr_date
107276801,GB,"W T SMOLDON, FULLABROOK FARM",2025-08-05
509082,NL,Nagel,2025-10-08
484396,NL,Mts Verkerk,2025-09-30
146632301,GB,Lawrence P Arthurs,2025-09-14
193223,NL,Mts van der Spoel,2025-10-10
2055929,NL,FIRMA PRINS,2025-10-14
334460,NL,Mts Stemerdink,2025-09-22
456207,NL,Fa. Zant  Den Hartog,2025-09-10
244897,NL,Mts. H en J de Boer Bolding,2025-08-28
084678301,GB,D DALTON & SON LTD BOCKHAMPTON FARM,2025-09-25
028221701,GB,J PICKFORD SPOT GRANGE HILDERSTONE,2025-10-19
901206300,GB,GREENFIELD FARMS,2025-10-06
909021900,GB,"T R,P E & J LITTLE",2025-09-30
24116,GB,J&R Morrison,2025-09-30
4106802770,BE,Simoens Jan,2025-09-24
269133,NL,Wigman,2025-01-14
35245249,FR,Earl ANGOT,2025-09-26
22324038,FR,Alan Le Montreer,2025-10-09
917445900,GB,Eamon Conlon,2022-05-10
7202011641,BE,MAES LV,2025-10-15
337917,NL,Sturkenboom,2025-09-24
29271088,FR,EARL ROSEC XAVIER,2025-10-13
68329001,FR,Gaec Hohneck,2025-09-18
22292101,FR,EARL du Gohy,2025-09-04
097847307,GB,CREECH HILL PARTNERSHIP CREECH HILL FARM,2025-06-24
6123716,NL,Marianhoeve,2025-09-21
30953,NL,Molkfeebedriuw de jong,2025-10-17
146578901,GB,ALLISTER MCCULLOUGH 38 ROCAVAN ROAD,2025-10-08
1202104731,BE,Maatschap Goossens Paul en Stef,2025-10-13
889805,NL,Mts de With,2025-09-23
43039019,FR,GAEC DU CAMELIA,2023-03-01
025059501,GB,"T Penrose, Bull Haw Hall, Barnsley",2025-10-08
530295,NL,Mts VugtsSchellekens,2025-09-16
302382,NL,Te Voortwis C.V.,2025-09-26
162948,NL,Smit,2025-03-28
50518032,FR,Mickael DUFOUR,2025-09-30
066526303,GB,H W & E WILLIAMS GWYNDY,2025-06-24
046825801,GB,B L SERCOMBE ESQ PENHILL FARM,2025-10-14
902771600,GB,"FINE FARM LTD, MANOR FARM",2025-10-07
1102324871,BE,Van Den Bergh-van Aert MTS,2024-07-02
219255,NL,J en EJG en AJ en GA Reinders,2025-09-25
345404,NL,M.J.H. Langedijk,2025-09-18
109724501,GB,BC & NWJ MONIES TREMEDDA FARM,2025-02-18
024558902,GB,MR VIC FITZELL MOSS HOUSE FARM MOSS HOUSE LANE,2025-10-19
146620101,GB,R & M BRISTOW,2025-09-17
30874,NL,Rijpkema,2025-09-30
496267,NL,Boerderij de Vriendschap,2025-10-04
413673,NL,Maatschap Verhagen,2025-10-14
456173,NL,VOF N.S.M. Disseldorp,2025-10-07
521244,GB,J W McCollum and sons,2025-09-30
404596,NL,Vof vd Heuvel-Kant,2025-09-30
22382004,FR,EARL DU PETIT ROCHER,2025-08-05
010550353505,DE,Milchhof Broosch GbR,2025-10-13
940830,NL,Mts Rd+Kch Gideonse-Wouters,2025-10-01
82780,GB,Tullywinney Dairies,2025-10-06
29169027,FR,Bourhis Yoan,2025-04-24
1354054,NL,EVERLAND HOLSTEINS,2025-02-25
902765900,GB,"RHYS GRIFFITHS, GR GRIFFITHS AND SON (HOLSTEIN), NEW MOAT",2025-09-30
DE010550444423,DE,Tews,2025-10-09
171111,NL,De Scheerse Polder,2025-10-08
318273,NL,"FIKSE + ZWEP, VOF",2024-01-23
269810,NL,Mts. Janssen,2025-09-21
321301,NL,VOF Wiegerinck-Uilenreef,2025-10-08
687258,NL,"mts. E.G., J. en E.D Wessels",2025-09-26
44069101,FR,EARL Cannevé,2025-10-15
555081,NL,Firma Takken,2025-09-05
524964,NL,Melkveebedrijf Godrie - Sprenkels,2025-09-29
39518003,FR,GAEC DE LA COMBE DE SONGESON,2025-09-15
1060214,NL,Maatschap Groeneveld-Verrips,2024-11-19
240626,NL,Mts. Derks,2025-09-12
6208923,NL,MTS BODDE,2025-10-12
902484200,GB,"A STRUTHERS & SONS, Newhouse Farm",2025-09-30
3600600388,BE,Valcke Luc,2025-10-01
152271,NL,Hoogkamp,2025-10-02
912406100,GB,Pat O'Hanlon,2025-08-18
336396,NL,ROOIJEN,2024-02-21
50131043,FR,EARL LA PROVOSTIERE,2025-10-07
50629149,FR,MR LEBARBIER KEVIN,2025-09-02
096611203,GB,"CRUTCHLEY FARMS, MARSH FARM HERD POWERSTOCK",2025-05-06
057965801,GB,"T & V M BENNETT, COLLEGE FARM",2025-09-26
028927801,GB,JD AM & PJ HALL CROWGUTTER FARM,2025-10-02
1102501289,BE,'S JONGERS RENE&JA,2025-10-14
1301203769,BE,Guy van Bedts,2025-10-17
25541009,FR,GAEC DU MONT ROCHER,2025-10-03
028031101,GB,R KITE COTON HALL FARM,2025-09-30
902674400,GB,DRUMLISTER FARMING,2023-11-09
066825001,GB,D L L & H L L DAVIES MOOR FARM,2025-10-07
3201201575,BE,Aernoudt,2025-09-16
22058013,FR,EARL DE QUILLIEN,2025-08-27
105381202,GB,VJ & RJ ORCHARD LUCKHAM,2025-10-10
244646,NL,MTS VOGELAAR,2025-10-14
318118,NL,F.H. Janssen,2025-10-17
836274,NL,Maatschap Bloemhof,2025-10-18
913292000,GB,Mr Gordon Smith,2025-10-06
288626,NL,Janssen siegerswoude,2025-10-13
1100088,NL,"OOSTERHOUT-KOOLEN, MTS H+M VAN",2024-12-06
3701568500,BE,Steven de Cloedt,2025-10-03
911409100,GB,"MR TIMOTHY MCAULEY, 43 VOW ROAD",2025-10-07
162591,NL,Mts W+W+L Poel,2025-09-12
334604,NL,HJA kuijer,2025-09-16
763385,NL,A.J.Hartveld vof,2023-12-27
106724302,GB,W G S & M G AXFORD GUNNACOTT FARM,2025-09-23
912321700,GB,JOHN AND GARETH CULBERTSON,2025-08-26
447780,NL,American Holsteins,2025-09-21
52113,NL,Mts Koopmans en Spijker,2025-09-30
358109,NL,Mts. H.J. Bos & M. Bos-Beukers,2025-10-17
909040000,GB,CROCHMORE (HOLDINGS) LTD,2025-09-29
274317,NL,H.J.M. LANKHORST,2025-10-17
911485900,GB,BRIAN COMPTON,2025-09-09
1087424,NL,Mts. Klunder,2025-10-03
63131111,FR,GAEC DE LA FOUILHOUZE,2025-10-02
098032701,GB,"J J & S M SPILLER, SOUTH BRADON FARM",2025-09-30
036461702,GB,"J F TEMPLE & SON LTD, COPYS GREEN FARM",2025-10-08
50400178,FR,EARL RACHINE,2025-10-07
146648201,GB,H S & P DUFFIN 14 BALLSALLAGH ROAD,2025-10-08
317968,NL,Van Zoelen Melkvee,2025-10-04
350523,NL,Firma  LODEWIJKS,2025-09-15
383356,NL,Binnendijk JD en ETCM,2025-10-15
921168701,GB,J R & S E DICKINSON,2025-09-24
109273702,GB,MESSRS A G LUDWELL & SON EAST ASH FARM (2),2025-08-26
2403409,NL,M.J. Klaver,2025-09-08
411125,NL,Melkveebedrijf de haas vof,2025-09-12
6801382,NL,Mts W Hoeve en A Hoeve-Coster,2025-10-16
248020,NL,Maatschap Beukerink,2025-10-01
577519,NL,Mts. Gommans,2025-10-09
51475,NL,MTS Visser,2025-09-11
904653300,GB,C J & V M GILLESPIE,2025-10-04
146648001,GB,MICHAEL SMYTH 56 WHITEFORT ROAD,2025-10-07
555672,NL,VOF Vinken,2025-09-26
176202,NL,MTS Vedder,2025-09-24
108238501,GB,J A SWEET & PARTNERS VENTONARREN FARM,2025-09-25
901183900,GB,JOHN R WALLER Hall Beck Jersey,2025-10-08
451790,NL,Mts Janssen-Kleijnen,2025-10-14
35020998,FR,EARL LA PULIRAIS,2023-02-01
56075916,FR,EARL Becel,2025-09-09
50275003,FR,GAEC DE LA JULINIERE,2025-08-25
901133000,GB,MIDDLE CLIFFE DAIRIES LTD,2025-09-01
396257,NL,Melkveebedrijf Verheyen,2025-09-21
22243007,FR,Earl de la voie romaine,2025-10-12
50037008,FR,GAEC CARNET GAUCHER,2025-09-24
29183001,FR,Earl de la haie,2025-10-07
058804401,GB,D A & L A CULLIMORE MOBLEY FARM,2025-08-20
046756501,GB,G R ROBINSON (FARMS) LTD GRANGE FARM,2025-10-14
028494801,GB,W & P E GOSLING & SON,2025-09-30
1300815769,BE,Sofie Lietaer vvzrl,2025-10-16
344883,NL,geBR GROOT,2025-09-09
044800601,GB,F H EVERETT & SON CAMPERDOWN FARM,2025-09-22
066184503,GB,"DC & A ROBERTS & G C ROBERTS, CAERWYS",2025-06-23
909041200,GB,"MESSRS G & M WILSON & SONS, LOW FIELD FARM",2025-10-02
146613001,GB,DOMINIC MCELROY,2023-08-02
78207,NL,J ROTTEVEEL,2025-10-01
14667033,FR,GAEC LALONDE,2025-10-15
22331050,FR,MICKAEL RAOULT,2025-10-15
028009002,GB,W W & W G CLARKE LONGSHAW FARM,2025-05-22
902735200,GB,BEDDOES & SONS,2025-03-31
917245000,GB,MR TOM PORTER,2025-06-05
1302119714,BE,Boonen Ludo en Steven vvzra,2025-10-10
337931,NL,VOF P&C van Rooijen,2025-09-17
108770001,GB,F E ADAMS & SONS WARD FARM,2025-09-14
146563602,GB,BARKHILL FARM,2025-08-12
820479,NL,A en F Lugtenberg,2025-09-17
7202902122,BE,KUPPENS ERIK & KUP,2025-10-18
377142,NL,Firma Hijkoop/Zaal,2024-08-17
146572902,GB,ANDREW JAMISON,2024-02-08
181194,NL,Melkveehouderij Brouwer,2024-07-25
414555,NL,Schepens VOF,2025-06-05
343145,NL,Familie Peek,2025-10-15
2260192,NL,Melkveebedrijf Oversticht,2025-09-23
42091170,FR,42 GAEC DES LYS,2025-02-26
921090301,GB,DUNCAN HUGHES,2025-09-24
901168400,GB,M Armstrong,2025-08-05
915468800,GB,Adam Watson,2025-07-28
343925,NL,J A Grootendorst,2025-09-25
519759,NL,J Brans,2025-09-23
29255008,FR,GAEC DE QUELENNOC,2025-10-14
902630400,GB,"J H B TUCKER, THE BEECHES",2025-09-02
901121600,GB,EC JERVIS & SON,2025-08-13
1866030,NL,Ft Kroes,2025-09-18
6119957,NL,Olde Engberink,2025-09-09
901109800,GB,EJ & WJ GRIGG & SONS,2025-10-15
066571402,GB,E O MORRIS & SON MARIAN MAWR,2025-10-01
50037095,FR,GAEC MARTIN HAMEL,2025-09-24
560813,IT,Finiletto Az.Agr. di Leoni Anna Lucia,2024-10-27
152989,NL,Migchels,2025-10-02
3800205069,BE,KARL DHONDT,2025-09-24
50362100,FR,Mr Ludovic MANCEL,2025-09-25
35133058,FR,Barbé Vincent,2025-09-25
50323029,FR,GAEC LA LOURIE,2025-09-12
057878001,GB,PJ CHARLES MOUNT PLEASANT FARM,2025-03-20
2441430,NL,V.O.F. Doornenbal,2025-09-14
800846,NL,Melkvee+Zorg+Loonbedr A Meerke,2025-10-19
6054160,NL,Kranenburg Dairy,2025-10-12
170679,NL,Landbouwbedrijf Koers,2025-06-05
32860,GB,Stephen Gibson,2024-07-18
14416026,FR,GAEC GOSSELIN,2025-10-06
22045029,FR,Earl sylvain le nouvel,2025-10-02
066669701,GB,GW ROBERTS & CO PLAS HEATON FARM,2025-09-25
911948800,GB,"MR S ONEILL, SHANES CASTLE ESTATE",2025-10-08
10591612199,DE,"Kock, Fabian",2025-10-08
332101,NL,Nelis,2025-09-25
29297010,FR,EARL DE KERANGUEN,2025-09-29
916918400,GB,MOO MILK LTD,2025-09-16
511159,NL,Mts A+N+M Slagboom-de Gr,2025-10-15
443478,NL,De Melkhoeve,2025-10-15
69227635,FR,GAEC DE LA LOUVE,2025-09-03
14481,NL,Mts van Weperen,2025-10-09
159401,NL,T.S. Oldenburger,2025-10-14
901219600,GB,J & N YOUNG,2025-09-25
098812001,GB,RS & NJ & MP GLANVILLE MARSHWOOD FARM,2025-10-13
751768,NL,Boerderij Missieklooster G.S. Migchels,2025-10-02
098090401,GB,J W & P MARSH & SON FOUR BARROWS EWELEAZE DAIRY,2025-09-30
901186800,GB,FW READ & SONS LTD,2025-10-09
902666700,GB,RHUAL DAIRY,2025-09-05
416089,NL,J.A.J. ROEFS,2025-09-19
325345,NL,Hulsen,2024-11-28
027754901,GB,E L M & S E Barnes Altham Hall Farm,2025-09-17
35334002,FR,GAEC JOUAULT,2025-10-16
56066183,FR,EARL DE KERVENAL,2025-10-13
35169181,FR,GAEC Pépin la Noe,2025-03-13
158598,NL,"HOFMAN, MTS TR+MT",2025-09-30
159061,NL,Maatsch. A.de Kreij-J.F. de Kreij-Folkers,2025-09-01
297538,NL,De Veldhoeve,2025-04-30
314112,NL,Oudenampsen en E.H. Ruiterkamp,2025-09-17
141932900947,DE,Schubert GbR,2025-09-22
50347003,FR,JEAN-CLAUDE LEBLANC,2025-09-03
029999701,GB,J D & B F BROADLEY & SONS BRUNDCLIFFE FARM A,2025-09-22
146663201,GB,DARREN & DANIEL MCKAY,2025-04-29
400112,NL,Kimenai IJpelaar,2025-10-01
22181021,FR,Gaec le Bihan Quemener,2025-10-07
76666128,FR,GAEC LA POTERIE - GODEFROY,2025-09-28
098848102,GB,FOOKS BROS MANOR FARM,2025-10-06
911340800,GB,MR A HEGARTY,2025-08-25
911484100,GB,FISHERWICK FARM,2025-10-01
025792102,GB,BLYTHE BRIDGE HALL FARM LTD,2025-09-30
400332,NL,Moerenhout-Geerts,2025-10-16
393717,NL,J. Buijs V.O.F.,2025-10-08
32915,GB,Sam Baird,2025-08-27
02634031,FR,SCEA DU FOND DE L ANNEAU,2025-10-16
35303028,FR,Gaec Holst'hirel,2025-10-10
208840,NL,MELKVEEHOUDERIJ MT,2025-01-06
406446,NL,Melkveebedrijf Gastelsveer,2025-10-02
22245035,FR,GAEC LE CARLUER,2025-09-30
057368001,GB,C H SHROPSHIRE & SON BRIDGE FARM,2025-09-10
359043,NL,V.O.F. Melkveehouderij de Geus-Roeleveld,2025-10-11
484633,NL,Mts T en S Kortleve,2025-09-08
6362917,NL,D.A. Keyzer v.o.f..,2025-10-16
433220,NL,P. Hazenberg,2025-09-21
3302602446,BE,DEMUYNCK AGRI,2025-10-08
3302661050,BE,DELPORTE,2025-09-22
22113026,FR,MEUDIC Nicolas,2025-10-09
63342017,FR,GAEC DU CHAMP DU FOUR,2025-10-07
911212500,GB,B & J HUNTER,2025-10-10
146655901,GB,CARNVIEW FARMS JAMES & ADAM MCKEOWN,2025-08-28
7303501226,BE,De Kriezelhoeve,2025-09-06
2021960,NL,Mts Tuin-Bloemhof,2025-10-17
902488400,GB,JGT GRIFFITHS AND PARTNERS,2025-10-07
911968300,GB,MR GEORGE FORSYTHE,2025-10-17
146569001,GB,"R & D IRWIN, 10 URBAL RD",2025-07-07
098030701,GB,MESSRS J D & M J PARSONS & SON,2025-09-30
395564,NL,S. EN C. VAN OOSTERHOUT,2025-10-13
6631899,NL,Melkveebedrijf Nelis,2025-09-16
699057,NL,Mts. Eshuis,2024-11-09
395337,NL,Melkvee Oomen,2025-09-30
35346011,FR,CHESNOT STEPHANE,2025-09-22
915550800,GB,MR BRIAN RANKIN,2025-09-11
3303600334,BE,Vandecaveye vandelanotte LV,2025-10-09
2254005,NL,H.J.J.H. Gijmink,2024-09-05
54317,NL,Mts Kleinhoven,2024-10-04
14180015,FR,GAEC DU PAVEMENT,2025-09-08
911345600,GB,Mr Martin King,2025-10-03
258137,NL,B.H Wienen,2025-10-14
443863,NL,Nijssen,2025-09-30
1303908352,BE,Marc Aerts,2025-10-01
208297,NL,"STOKKERS-TIEBERINK, MTS JB+JD",2024-11-19
159377,NL,De Boer,2024-10-26
44128381,FR,EARL AR DERVENN,2025-10-21
098088102,GB,RADSTOCK COOPERATIVE SOCIETY LTD MANOR FARM,2025-10-07
270995,NL,A. van Ramshorst en E. Borren,2025-10-15
443014,NL,Ketelaars,2025-10-01
72227,NL,C Veninga,2025-10-06
22346075,FR,Ruello Sylvain,2025-10-09
50275020,FR,EARL LA BRUYÈRE,2025-09-02
025406702,GB,"STANWORTH AGRICULTURE, BLACKMOSS",2025-09-30
909189900,GB,MESSRS R & A HARRISON,2025-09-24
146583101,GB,LINDSAY ROBB 8 LEGATONEGAN ROAD,2024-11-27
078331101,GB,H R WARLOW & SONS,2025-10-14
097086001,GB,BRISTOL UNIV SCHOOL OF VET SCIENCE (RE WYNDHURST FARM),2025-10-01
901124400,GB,GA & A BROWN & SON,2025-10-14
406051,NL,Melkveehouderij van Gastel,2025-10-14
146569102,GB,"ALAN COCHRANE, 170 MOYCRAIG ROAD, BALLYMONEY",2025-10-08
537418,NL,Melkveebedrijf de Heibloem,2025-10-17
32425,NL,Nieweg,2024-07-31
909010500,GB,R K & S G MILLER & SONS,2025-09-26
08082001,FR,GAEC DU MOULIN,2025-10-08
2206365030,BE,Schrevens Hugo,2025-10-10
200350,NL,Melkveebedrijf De Brits,2025-10-08
376662,NL,Mts. De Groot,2025-10-10
11831,NL,Mts S en W de Boer,2025-09-24
2014025,NL,W. DUIVEN EN,2025-09-24
29014680,DE,Börnig GbR,2024-05-26
401104,NL,H. van der Avoird,2024-12-23
08203007,FR,GAEC DAPREMONT,2025-10-01
911470800,GB,M S W & G LYONS,2023-06-23
916238700,GB,"MR SAMMUEL MAYNE, SANDHOLES",2025-10-14
065153801,GB,LOWER PARK FARM LOWER PARK FARM,2024-10-16
384324,NL,Dijkshoorn VOF,2025-10-06
078721901,GB,I G & H M E JONES & SONS GILFACH (1),2025-09-22
38058003,FR,GAEC LES TREIZE FONTAINES,2025-10-14
22335021,FR,Mr Noël henry,2025-09-13
50528081,FR,EARL DE LA MARE,2025-09-09
912425300,GB,MR JAMES MORTON,2025-07-29
101820,NL,G. Koorevaar,2025-09-29
432953,NL,VOF van Mensvoort,2025-09-12
42069238,FR,GAEC FERME DES ARNAUDS,2025-09-11
108796206,GB,FORTESCUE FARM PARTNERSHIP (DEER PARK FARM),2025-03-10
915557300,GB,MR WESLEY MULLAN,2025-09-25
398011,NL,Melkveebedrijf Michielsen Vof,2024-07-29
6011330,NL,Mts van Rijn,2025-10-07
1301714738,BE,Smets Commvlo,2025-09-09
7201722358,BE,Steensels Lv,2025-10-02
03321090,FR,GAEC DE LA FERME DES POCHATS,2025-10-08
056055101,GB,H M ISAAC & SON HORTON FARM HORTON,2025-09-26
066538101,GB,"R G OWEN, GRAIGLWYD GANOL",2025-10-15
525152,NL,Melkveebedrijf Familie Hereijgers,2025-01-09
905009700,GB,A & S LAWRIE,2025-10-07
146667001,GB,GERARD MCCONVILLE CLONECORE FARM,2024-07-10
1859690,NL,PARTNERS 4 MILK V.O.F.,2023-11-28
344900,NL,J.N. de Jong en zns,2025-10-07
73077067,FR,Gaec Vaugellaz,2025-10-05
915561400,GB,Mr J Allen,2025-05-23
915517200,GB,MR J GRANT,2025-10-17
22072015,FR,EARL MEUROU MOISAN,2025-09-30
914465600,GB,MR GEORGE ARMSTRONG,2025-09-08
3303666214,BE,jo kestier,2025-10-19
4201200241,BE,De Blekerij,2025-09-23
4300400424,BE,De Smet Peter,2025-09-18
057160201,GB,M S J H & P D EVANS & SON BOYCOTT FARM,2025-10-03
436014,NL,Melkveehouderij Vermeer,2025-09-19
257073,NL,Melkveebedrijf Hammer,2025-10-15
22024004,FR,Gaec de la haie douar,2025-10-01
905029000,GB,ROBERT MILNE LIMITED,2025-09-17
371100,NL,Mts P.& C. Rodenburg,2025-10-01
911966600,GB,MR RAYMOND STEWART,2025-10-02
146622801,GB,"ANDREW DALZELL, COUNTY ARMAGH",2025-09-04
098831101,GB,"ANDREW BRISTOL, STAVERDALE FARMS LTD, GREENLANDS FARM",2025-09-30
902668600,GB,JD FOWLES & PARTNERS,2025-10-17
2184735,NL,Maatschap van den Boomen-Daris,2025-10-04
364980,NL,THEO EN DESIREE,2020-09-17
904893600,GB,MR C TELFER,2025-09-30
1172755,NL,"KINDEREN, WJM DER",2025-10-05
234883,NL,Melkveebedrijf Fam Vernooij,2025-10-15
356015,NL,V.O.F. J. Bakker en Zn,2025-10-09
387273,NL,Firma J. Ras & Zn.,2024-02-29
412564,NL,BIERENS,2025-10-14
35235037,FR,GAEC BELLIER,2024-06-26
916928700,GB,Mr Alcorn,2025-09-20
49724,NL,de Jong,2025-07-30
448174,NL,Mts. Peeters,2025-09-29
316055,NL,Verploegen Melkvee,2025-09-09
56080515,FR,Earl du Grand Clos,2025-10-15
179742,NL,JH Tietema,2025-09-24
351405,NL,Lievelden,2024-03-07
22203504,FR,EARL DU PALAIS,2025-08-25
37111307,FR,EARL le Hauts Millets,2025-10-08
056762702,GB,HARTPURY UNIVERSITY FAO BRYAN CARTER,2025-10-09
913202400,GB,Smyth McCann,2024-06-06
108881002,GB,S W & M A POAD FURSLOW FARM,2025-10-04
2389530,NL,Maatschap Lazeroms-Ossenblok,2025-09-21
190989,NL,Mts cjj en wa Zantinge,2025-09-26
08088009,FR,EARL DE LA BELLE VOLEE,2025-09-03
887216,NL,J. de Vries en G. de Vries-Verburg,2025-09-01
881377,NL,Maatschap Snoekvliet,2025-09-26
39147002,FR,GAEC DES MOIDONS,2025-10-15
146562701,GB,STEPHEN CRAWFORD 103 NURSERY ROAD GRACEHILL BALLYMENA CO ANTRIM,2025-09-08
911687000,GB,John Blair,2025-10-14
451439,NL,Maatschap Hermens,2025-09-28
066764902,GB,JE & GK Williams Plas Mawr Llyn Helig Trelawnyd,2025-07-17
267843,NL,Landbouwbedrijf Brus Kools,2025-09-10
333313,NL,Van Zuijlen Harmelen B.V.,2025-09-28
6329101,NL,Velshoeve,2025-09-08
971421,NL,Bullseye Ranch,2024-05-02
911367900,GB,MR D SHAW,2025-09-20
6131832,NL,Van Echteld,2025-09-30
433354,NL,V.O.F. de Kort,2025-10-07
916570400,GB,M & D Keys,2025-09-24
911390100,GB,"ROBERT, ANN & LYLE McCORMICK",2025-09-23
3200702734,BE,kristof de cat,2025-10-12
245322,NL,MTS H + HR DOZE,2024-09-13
2024242,NL,Maatschap J. en E.L. v.d. Berg,2025-09-28
902621400,GB,W MARSH & SON,2025-09-22
46181,NL,Reinsma,2025-09-23
22132111,FR,Gaec de kerlavezan,2025-10-15
067101702,GB,H & M JONES WIGFAIR HOME FARM CEFN,2025-01-08
1101711246,BE,Boden Maria,2025-10-16
2727257,NL,Bles Dairies Farm,2025-10-08
901120100,GB,BRACKENBURGH HOME FARM LIMITED,2025-09-18
02095206,FR,GAEC FERME DE L'ERABLE,2025-09-17
911263200,GB,"J W SUFFERN, RAVENHILL HOUSE",2025-10-07
22191004,FR,GAEC DE LA LAITIERE,2025-10-15
39133008,FR,GAEC DU DOMAINE DE L HOPITAL,2025-09-10
22272100,FR,GAEC De Saint Patern,2025-09-17
916922500,GB,MR C & T KEATLEY,2025-09-19
901218100,GB,John Archer,2025-10-02
902311200,GB,J A L & J E OWEN,2025-10-07
146566601,GB,RICHARD CUMMINGS,2025-10-09
1304300392,BE,wetschothoeve,2025-09-30
353410,NL,J.T. Oudshoorn,2025-10-14
6035684,NL,Broos Anton,2025-10-07
733092,NL,Rijpkema,2025-09-15
50460068,FR,SCEA D'OZOUVILLE,2025-08-29
904572300,GB,"SHEPHERDS DAIRY LTD, MOONS FARM",2025-10-15
152006,NL,de Vries Winsum,2025-09-25
2328577,NL,Houwing,2025-10-18
377173,NL,Firma Vermaat,2025-10-01
155058,NL,A. Onnes,2025-10-02
35072004,FR,GAEC LOIRIE,2025-09-18
22081126,FR,Earl de Creaume,2025-09-09
146584201,GB,MATTHEW WORKMAN,2025-10-18
406147,NL,"GOMMEREN-EEKELEN, MTS M + L",2024-11-27
394871,NL,Henk Rijken,2025-10-10
867621,NL,Melkveebedrijf Baan CV,2025-09-19
143795003300,DE,Agrargenossenschaft Rathendorf eG,2025-10-09
914460800,GB,STEPHEN JORDAN,2025-09-17
902772500,GB,AJ & CM GIBBS,2025-09-30
1303506208,BE,Clijmans commvlo,2025-09-09
303305,NL,M.T te Brake,2025-09-14
17303026,FR,EARL PICHOT,2025-10-06
42100091,FR,GAEC GONON,2025-09-29
29274489,FR,EARL DE PENKER,2025-10-17
078722201,GB,D R AND J HARRIES CILIAUWEN LETTERSTON,2025-07-30
067116801,GB,JONES BERAIN,2025-08-07
452342,NL,Groenhof Agro,2025-09-16
4300605134,BE,LUC VAN VOOREN,2025-09-13
523288,NL,C. Pijs,2025-10-02
483744,NL,VOF Vonk-Noordegraaf,2025-10-20
635286,NL,Mts. Straalman en Woestenenk,2025-09-25
6155210,NL,M. Koster,2025-02-07
108424201,GB,NICHOLLS HILLTOWN MOLLAND,2025-09-26
358604,NL,A.A. en T. Nieuweboer,2025-09-14
405911,NL,mts. Brosens,2025-10-02
175708,NL,MTS VELD-BAZUIN,2025-09-20
190109,NL,Mts. Duiven,2025-09-05
02740022,FR,SCEA LA CENSE LENGLET,2025-10-16
108355701,GB,J T & M J BELLEW TENNACOTT FARM,2025-08-07
913888800,GB,David MaGill,2024-07-16
902530200,GB,R & E PATTINSON,2025-09-03
321961,NL,VOF Goesten-Pullen,2025-09-11
398846,NL,C. JANSEN,2025-09-28
901035000,GB,PA & VL GIBBY,2025-10-13
915390500,GB,MR BRIAN THOMPSON,2025-07-22
109247903,GB,MESSRS B W PICKARD MIDDLECOTT,2025-10-01
1302119310,BE,Vleugels LV,2025-01-10
444934,NL,Pootaardappel selectiebedrijf Wolters,2025-10-07
50002003,FR,Gaec du campart,2025-09-29
182533,NL,G. Doosje,2025-10-06
50112028,FR,GAEC LEBRETON LEPESANT,2025-10-13
35217125,FR,PATRICE ACCARIE,2025-10-15
2482554,NL,C.J.H. Wiggerts en T.J. Zonneveld,2025-10-12
252298,NL,"DEKKER-AVERESCH, MTS EJ + HJ",2023-12-18
146544001,GB,Walter G Speers,2025-10-21
35013193,FR,GAEC BREIZHOISE HOLSTEIN,2025-08-30
35019018,FR,EARL MOUAZE,2025-10-09
2668897,NL,P.A.J. Pepers,2025-09-30
381341,NL,Vermeulen-Rehorst,2025-10-11
29095084,FR,LE MONOT ROMAIN,2025-09-23
527002,NL,Melkveebedrijf Pals VOF,2025-09-16
3501201458,BE,Willems Ivo,2025-03-04
08154006,FR,GAEC BLAIN,2025-10-07
35085037,FR,EARL LE POIRIER,2025-10-07
51495035,FR,GAEC RABOT,2025-09-29
52502004,FR,EARL DE LA COLLIERES,2025-09-22
902149100,GB,T A A J NORBURY,2025-10-13
379487,NL,"BESTEN, T J  DEN",2025-01-07
336877,NL,AWE Miltenburg,2025-09-17
1902839,NL,vermeulen rehorst vof,2024-06-30
214456,NL,HEUVER,2025-10-06
311005,NL,Melkveebedrijf Bloemendaal,2025-09-30
901239700,GB,H WRIGHT & SON,2025-10-14
901216100,GB,LOMAS FARMING COMPANY,2025-04-02
921399601,GB,"A J & R A TURNER, AXE FARM",2025-10-13
173968,NL,Melkveehouderij Fam Guichelaar,2025-10-16
422798,NL,M. SMITS,2025-10-16
2101464883,BE,MAGNUS JOOST,2025-10-16
50053044,FR,GAEC CHESNEL,2025-10-07
56144020,FR,EARL MICHEL,2025-09-16
205207,NL,Mts v. Kempen-Ronnes,2023-05-30
757621,NL,ts. Duijndam - v.dBurg,2024-10-25
6187831,NL,Maatschap Maessen-Hawinkels,2024-07-30
901206500,GB,"AL & WG SANDERS, HAYDONS FARM",2025-10-01
14703022,FR,GAEC LEROUXEL,2025-10-15
146582901,GB,"ROBERT CURRIE Kilymoyle Farm, 160 Seacon Road",2025-10-10
146537301,GB,"MRS HEATHER HUTCHINSON, MR JONATHON HUTCHINSON",2025-10-09
426873,NL,Phgm van der doelen,2025-10-07
109273701,GB,A G LUDWELL & SON EAST ASH FARM (1),2025-09-17
237378,NL,Mts. Schottert,2025-09-26
2620361,NL,Maatschap Gerritzen,2025-10-12
394974,NL,V.O.F. Melkveehouderij Biemans,2025-09-30
6177786,NL,C. Greving en M. Tijink,2025-10-07
394022,NL,Landbouwbedrijf Sweep-Verpaalen V.O.F.,2025-10-16
3502300588,BE,Coudeville Leen,2025-02-05
29217055,FR,GAEC DE KEREO,2025-09-30
50322026,FR,GAEC COUDRAY,2025-10-09
067125802,GB,I P JONES MYNYDD MOSTYN TRELOGAN,2025-10-07
365422,NL,S.J. Pronk,2025-09-26
29892,NL,Mts. Reitsma,2025-10-01
6284167,NL,Vof Buitenhuis-Nieuwenhuizen,2025-09-21
42213083,FR,Gaec de MACHEZALLET,2025-10-01
22176335,FR,GAEC DE LA PORTE ES CLERC,2025-09-30
331315,NL,W.G.J van Eck,2025-09-19
3201404972,BE,Mortier Hans,2025-08-12
911799100,GB,THOMAS J BELL MRS M M BELL,2025-09-19
108509201,GB,"KNAPMAN FARMS, SHILSTONE FARM",2025-09-25
923024401,GB,H GOODWIN & SONS,2025-02-26
418843,NL,HMPT Derks,2025-10-14
402983,NL,van Suijlekom landbouw,2025-09-11
410487,NL,H. Coppens,2025-10-14
307222,NL,"NILLESEN-FLEUREN, MTS MJM+MGW",2025-09-24
422231,NL,Jos Nielen,2025-07-13
331669,NL,Mts. Kruiswijk,2024-07-17
427339,NL,V.O.F. van Bakel,2025-10-17
236513,NL,J.G.M. Freriks,2025-09-26
2488840,NL,PAJ Schouten,2025-10-09
08113001,FR,GAEC DE LA FONTAINE BARBETTE,2025-09-11
22211112,FR,JEAN CHRISTOPHE SALIOU,2025-10-13
902652700,GB,PENRHIW FARMS LTD,2025-07-17
243630,NL,G.EKENHORST,2025-09-26
422169,NL,Melkveebedrijf Smits V.O.F.,2025-09-11
170349,NL,Melkveebedrijf Uineken,2025-10-15
437109,NL,Roest,2024-07-18
22100025,FR,GAEC HAMON LES ESSARTS,2025-09-09
084677701,GB,FOLLY FARM PARTNERS HOME FARM SULHAMSTEAD,2025-07-30
146631901,GB,DAVID CARGILL HOLLYBANK FARM,2025-09-18
901535600,GB,A & R STEEL,2025-10-08
098189602,GB,FINEFARM LTD MANOR FARM,2024-03-16
317865,NL,Pruijn,2023-11-18
6293093,NL,Fa. Aantjes - Blokhuis,2025-09-21
320704,NL,G.H. Dinkelman,2025-09-04
066084401,GB,D C & MRS A ROBERTS BACH Y GRAIG TREMEIRCHION ST ASAPH CLWYD,2025-06-26
24615,NL,Werf,2025-01-03
342256,NL,VOF Roseboom,2024-06-24
235325,NL,Klijn Velderman,2025-09-02
901137200,GB,S T ALLEN & SON,2025-09-15
3403302085,BE,Wim Callewaert,2025-09-19
1178168,NL,J.A. Hessels,2025-10-05
6344849,NL,SMITS,2024-02-21
146660501,GB,Luke McCune 168 Aghoury Road Portadown Armagh BT62 3SX,2024-01-12
098025301,GB,YEATMAN & SONS LTD GRANGE FARM,2025-10-07
4501705433,BE,Desmet Christian&Wouter,2025-10-07
02388084,FR,GAEC DU FRANC BOIS,2025-10-10
29208090,FR,EARL LE ZEF,2025-09-23
078380301,GB,MR B HILL,2025-10-14
353128,NL,Maatschap M.L. Kesteloo en M.P. Kesteloo,2025-10-16
961840,NL,Kaasboerderij Koopman,2025-09-29
4601600477,BE,Korenheie Holsteins familie De Paep,2025-09-15
416436,NL,melkveebedrijf fga van der heijden,2025-10-15
439097,NL,H. v Esch,2025-09-10
3701517168,BE,VAN SLAMBROUCK Comm VLO,2025-09-07
915270800,GB,MR J A NEVIN,2025-09-28
097947902,GB,D & P YEATMAN WHITFIELD FARM,2025-10-02
1319783,NL,Melkveebedrijf Scheepers,2025-09-26
385282,NL,Hoeve Nieuw Bethlehem,2025-10-06
300810,NL,Maatschap Pleiter Kolkman Lageschaar,2025-10-17
289735,NL,D.A Kampen,2025-09-11
421304,NL,vof van dinther van erp,2025-10-07
14346092,FR,OLIVIER SCHMIT,2025-01-06
53113203,FR,GAEC DE LA CUJONNIERE,2025-09-23
097814902,GB,Ellis Partners Lower Langdon Farm,2025-09-30
420680,NL,GMH Opsteeg VOF,2025-03-20
333478,NL,Mts van Blokland.,2025-09-29
43111020,FR,GAEC DES TOURTERELLES,2025-10-09
172639,NL,A. Wemmenhove en J. Wemmenhove-Brand,2025-09-04
363589,NL,VOF De Eendracht,2025-10-08
772802,NL,C.J.G.M. van Gestel,2025-09-25
2103600604,BE,Lindehof Van Ruysevelt,2025-09-24
35112065,FR,GAEC LA BONNERIE,2025-07-29
028235101,GB,S P ROBINSON OX CLOSE FARM,2022-11-24
058866201,GB,AJ & JA PERCIVAL 3 HORSEMARLING FARM,2025-09-18
057793101,GB,A R BECKETT & SONS BROOKFIELD FARM,2024-08-03
204727,NL,Aeres Landbouwbedrijf B.V.,2024-05-22
394084,NL,Vof de Vooght-Daamen,2025-09-30
01314021,FR,EARL LES CHAPOTIERES,2025-01-07
35058082,FR,EARL SEVIN,2025-10-15
50532023,FR,GAEC CHAPDELAINE LEZEAUX,2025-10-17
018826802,GB,S & M Cooper Tarnside Farm Ulverston Lancs,2025-09-30
902643600,GB,GEE JAY FARMING LTD,2025-01-28
909505100,GB,M A JOLLIFFE,2025-10-08
1301704331,BE,Noyens Commv,2025-09-14
155364,NL,Mts. Westeneng-Schilder,2025-10-17
190202,NL,Ebbinge C.V.,2024-08-15
474241,NL,De Waalhoek CV,2025-09-10
50111234,FR,GAEC DE LA RIMONDIERE,2025-09-01
08318066,FR,EARL DU BLANC MOULIN,2025-10-04
026867302,GB,C J WHITTAKER & SONS UPPER LOXLEY FARM,2025-07-01
2104296,NL,M. van den berg landbouwbedrijf,2025-09-28
366452,NL,Mts. Hakvoort,2025-09-25
3500606425,BE,Thomas Feys,2025-09-19
168588,NL,HOOGENDOORN,2025-10-13
109213101,GB,H I ANGWIN & SONS LOWER BOSCARNE,2025-09-25
398475,NL,H. SEEUWS,2025-10-11
62918,GB,Harper Doupe,2025-09-15
22346005,FR,EARL LE PRE CARO,2025-10-08
50189022,FR,GAEC PICOT,2025-09-17
908635600,GB,S & D C BLAND,2025-10-08
4602800954,BE,Wilfried De Blanger,2025-09-16
243702,NL,Mts. Leyrik,2025-10-08
245920,NL,P ENSING,2025-09-17
097100201,GB,R & G POLE MANOR FARM WANSTROW,2025-09-03
312035,NL,MTS Schoneveld,2025-09-24
098084501,GB,D R R & M E STRANGER & SONS LTD MANSFIELD FARM,2025-09-23
160710110010,DE,TLPVG Buttelstedt,2025-10-20
4300450742,BE,HERMAN VERCAUTEREN,2025-10-14
1301802745,BE,Bart Hermans,2025-10-04
35217055,FR,EARL GENDRY,2025-10-08
35187003,FR,GAEC Merel,2023-06-26
067150901,GB,G L THOMAS AI GWMNI TAI HIRION,2025-09-10
027052101,GB,E A JOHNSON ESQ THE HOUGH,2025-09-02
412980,NL,Melkveebedrijf van Aaken,2025-09-16
170071,NL,Melkveebedrijf H.Smits,2025-09-30
42325018,FR,GAEC DES PLANETS,2025-10-08
911938500,GB,MR D TAYLOR,2024-12-19
109800602,GB,"D J & J E MERRIN, HIGHER WOOLSTON FARM, LODDISWELL",2025-10-16
7300109357,BE,Nagels Lv,2025-09-23
279965,NL,Firma van Maaren de Fockert,2025-10-08
065005902,GB,FARM OFFICE BROADLEYS FARM,2025-06-26
406910,NL,MILLSTREAM,2024-10-25
519560,NL,Melkveebedrijf Kuijstermans,2024-08-24
914399700,GB,MR DALE BYERS,2025-08-30
405739,NL,Maatschap W.C.C.M. Bakx en A.M.D.C. Bakx-Kerstens,2025-09-12
018823901,GB,J S & I M WILSON MONK FOSS FARM,2025-06-30
8242028,NL,Mts. Groeneveld-Verrips,2025-10-09
097761201,GB,KNAPP FARM LTD KNAPP FARM GLASTONBURY SOMERSET,2025-07-03
316880,NL,B.J.A.G. WOUTERS,2025-10-04
107296102,GB,B G & M R BALMENT WHIDDON FARM,2025-09-10
901182300,GB,NORTH LEE FARMS,2025-10-07
6486532,NL,Vof nijenhuis,2024-07-24
63140080,FR,Gaec Du Plateau Des Buissons,2025-09-01
6157029,NL,Melkveebedrijf Bink BV,2025-10-12
261643,NL,Melkvee timmer,2025-10-06
901233200,GB,"LEICESTERSHIRE HANDMADE CHEESE COMPANY, SPARKENHOE FARM",2025-10-07
42178,NL,F  Zeinstra,2024-01-09
273899,NL,MTS Tijhuis,2024-08-21
914439900,GB,Kyle Farlow,2025-09-22
916224000,GB,MR KENNY HAWKES,2025-09-10
3102302803,BE,Van Coppenolle Jurgen,2025-10-14
35120171,FR,GAEC DU DOMAINE GONZE,2025-09-25
316323,NL,P. Claassen melkveehouderij,2025-09-22
35113030,FR,GAEC LA CROIX CHEMIN,2025-05-12
902257600,GB,A STRUTHERS & SON,2025-09-30
902758000,GB,"Ioan Jones, Rhydonnen CYF",2024-11-06
1300809103,BE,De Schutter VOFLO,2025-10-02
4402800896,BE,dereepere,2025-09-08
391805,NL,VOF Francke,2024-09-06
440055,NL,Mjm Peeters,2025-09-23
1060756328,DE,Rahlf GbR,2025-09-16
30104,NL,Melkveebedrijf Reitsma,2025-10-10
033570182014,DE,"Kahrs, Hans-Hermann",2025-10-19
296656,NL,MTS HURENKAMP,2025-04-04
35019253,FR,GAEC SACHET,2025-09-29
22199121,FR,GAEC de l?Églantine,2025-05-07
178767,NL,Mts. Kool - van Ingen,2025-09-18
105833901,GB,B C & P M COX MEARFIELD,2025-05-12
405571,NL,Vof van Poppel,2025-09-11
911916200,GB,Mr Peter Stewart,2025-10-02
15196002,FR,GAEC CALAMITY ELEVAGE,2025-09-22
22225022,FR,EARL LE COTTON CORBEL,2025-05-15
57213031,FR,EARL DE LA PASSION,2025-09-16
028148102,GB,J C & M E MOSS WETWOOD FARM MEERBROOK LEEK STAFFORDSHIRE,2025-09-30
402653,NL,Snoek,2025-10-18
22052023,FR,EARL de Kerviou,2025-08-29
098147604,GB,PS HEMMINGS SOUTH LODGE FARM,2025-10-08
1101710236,BE,HENS GUY&DIRK COMM,2025-09-26
44023106,FR,MEHDI FRANCOIS,2025-09-25
50139347,FR,Mr ROMAIN LEPESANT,2025-10-17
109787302,GB,DJ & JE MERRIN APPLEDORE FARM,2025-09-17
50591027,FR,EARL ROUSSEAU,2025-08-29
028006003,GB,R MCDOWELL WILLOUGH BRIDGE LODGE,2025-08-20
909679000,GB,T D GOLDIE & SON,2023-07-06
108688202,GB,TRINK DAIRY LTD,2025-09-09
167156,NL,B. Boxen,2025-09-23
316512,NL,A Remy,2025-09-10
1304809240,BE,VLOEMANS COMMVLO,2025-09-18
028083601,GB,MR A J LEE TOW TOP FARM,2025-09-26
902473300,GB,RED EARTH FARMS LTD,2025-08-11
901791400,GB,THOMAS FOXHOLE,2025-09-29
911296000,GB,"Robert Beattie, 195 GARRYDUFF RD",2025-08-29
146671301,GB,"J A & W J A & M S MCCOLLUM, 14 GELNHEAD ROAD",2025-10-14
409151,NL,Mts. WGHM en RPM Intven,2025-09-24
8923,NL,H BERGMAN,2025-09-19
027104801,GB,E & N HOLSEY FOSTER PLACE FARM HEPWORTH HUDDERSFIELD WEST YORKSHIRE,2025-10-14
50443202,FR,EARL BODIN,2025-10-10
146649301,GB,ALISTAIR DORAN,2025-10-06
206196,NL,Veldscholten,2023-09-09
554972,NL,Van Bergen Veldkamp VOF,2025-04-07
50428274,FR,GAEC BEAUSAPIN,2024-07-17
62604033,FR,GAEC DYNAMILK,2025-09-24
467863,NL,J.J. de Wit,2025-09-17
2480178,NL,Jennissen Veedijk VOF,2025-09-02
376648,NL,D.J. de Bruijn,2025-09-25
416618,NL,V.O.F. Deenen-Kolsters,2025-09-15
39212013,FR,GAEC DU CENTENAIRE,2025-10-07
50510023,FR,GAEC DES MARETTES,2024-09-18
109346803,GB,"C BROOKING & SON, CROWDEN",2025-10-01
018888001,GB,"ALISTAIR F BROWN, FORTACRES FARM",2025-09-25
6566500,NL,Vecunda,2025-09-30
1302310074,BE,Van den Broek-de Roy Lv,2025-10-07
437147,NL,Mts. Coolen,2025-10-09
61977,NL,Mts S en T Bosma,2025-08-29
356204,NL,FA L KOOLE EN ZONEN,2025-09-11
43042012,FR,EARL DES REINES MARGUERITES,2024-12-04
73197029,FR,GAEC ALPIN,2025-09-15
046219101,GB,D J LIGGINS T A D M LIGGINS & SON FOSSE FARM,2025-08-31
902211700,GB,S FORSHAW & SONS,2025-09-25
39166002,FR,EARL DU CLOS VERT,2025-10-06
108796201,GB,VELCOURT LTD BARNSTAPLE LODGE,2023-08-30
6520034,NL,Blakervelder Hoeve V.O.F.,2025-06-17
399144,NL,Mts. de Jong,2025-09-13
553351,NL,Gevel,2024-12-30
39116001,FR,EARL DES MONDENONS,2025-01-17
25285011,FR,GAEC Chabod Sancey,2025-09-11
921065901,GB,R A & E M HAWORTH,2025-09-17
429447,NL,Vof Jonkers,2025-10-05
22291043,FR,Gaec de kerfourdan,2025-01-27
22061323,FR,GAEC ELEVAGE BERNARD,2025-10-15
106994601,GB,G E SEXON & SONS CASTLE HILL,2025-09-24
066764901,GB,J E & G K WILLIAMS FFORD LAS,2025-09-18
017756302,GB,STAINTON HILL FARMS STAINTON HILL FARM STREATLAM BARNARD CASTLE,2025-10-16
921046801,GB,A R & E R JONES HENDY,2025-09-15
915507000,GB,Millar Dairy Farm,2025-09-29
914464200,GB,TREVOR & GRAHAM RUTHLEDGE,2024-12-13
109743401,GB,VELCOURT LTD CLATWORTHY EAST,2024-11-21
2111600373,BE,Jonathan De Cock,2025-10-02
6313605,NL,J.H.M. Harbers,2025-09-16
6189585,NL,Dijkgatshoeve,2025-08-28
175760,NL,Holterman C.V,2025-10-02
600345,NL,J J M HANENBERG,2025-10-16
6288967,NL,Mts. Veerman,2025-09-22
375814,NL,Zwijnenburg VOF,2025-09-24
916844600,GB,"David Armstrong, 15 Augher Point Road Omagh",2025-09-12
22013015,FR,GAEC De Beau Soleil,2025-10-20
025215001,GB,J NAYLOR T A JW NAYLOR & SONS HOBSON FARM,2025-09-23
146580502,GB,"I & J STEWART, 42 BOYLAND ROAD, BALLYMONEY, COUNTY ANTRIM",2025-10-12
409340,NL,Mts van den Boomen,2025-10-13
6116668,NL,Maatschap Hooijberg,2025-09-19
1101793189,BE,t'nieuw hoefke,2025-09-21
2667836,NL,Melkveehouderij Hank,2025-10-08
6104773,NL,AK Damsteegt vof,2025-09-09
6870430,NL,Melkveebedrijf aalbers,2025-09-25
066819502,GB,CEREDIG EVANS E G EVANS ERW FAWR,2025-09-29
913980100,GB,MR RONALD FRAZER,2025-10-08
028979601,GB,"C C & C J LOVATT, SPRINKS FARM, RUSHTON SPENCER, MACCLESFIELD, CHESHIRE",2025-10-20
305987,NL,hakkert 305987,2025-10-14
010580072684,DE,Heeschen GbR,2025-09-25
22237187,FR,EARL Gerel,2025-09-10
911295800,GB,Mr Thomas Gordon,2025-10-03
349077,NL,Vof Gebr. Posch,2025-10-11
452050,NL,Andrien,2025-09-19
447601,NL,Maatschap Rops-Linskens,2024-05-22
367585,NL,Firma Smit,2025-09-25
3102201052,BE,Antoni De Vlieghere L.V.,2025-10-03
279958,NL,Van Arendonk,2025-09-30
387730,NL,H. J. Rotteveel,2025-10-15
35079035,FR,BRUEZIERE JEROME,2025-07-08
6150693,NL,Longfield Dairy,2025-09-10
058828101,GB,Meadow Bank Farm,2025-04-25
108753501,GB,W H TRIPCONEY & SONS,2025-10-08
109808502,GB,DJ & JE MERRIN KNOWLE FARM UPTON CROSS LISKEARD CORNWALL,2025-02-05
910626,NL,Mts van der Wind-de Gier,2025-10-17
6326166,NL,Emiel Buijs V.O.F.,2025-09-18
39489024,FR,Irenee Humbert,2025-09-24
098890201,GB,BOARSBARROW FARMS LTD NORTHFIELD DAIRY,2025-06-19
297277,NL,Ottink-Schiphorst,2025-10-17
6133081,NL,J.W.C. Groot,2025-09-04
80594,NL,Mts verbeek,2025-09-24
08037038,FR,GAEC O FIL DU LAIT,2025-10-08
046627501,GB,N E ROSS & SONS WHITE HOUSE FARM,2025-10-17
098817002,GB,P & R KIMBER HIGHER STAVERDALE FARM,2025-04-01
446918,NL,Groenen melkvee,2025-09-09
358903,NL,VOF Koopmans,2025-10-02
315733,NL,Mts. Zuurhout,2025-07-14
6174332,NL,Maatschap Hylkema- Dijkstra,2025-09-14
14573017,FR,EARL EUDELINE,2025-09-03
4201003817,BE,Van den Hoecke,2025-10-13
7203400256,BE,Simons Jos,2025-09-26
399955,NL,VOF van den Heijkant,2025-05-20
1210552,NL,S.M.J. Luijkx,2025-09-23
50629038,FR,GAEC DU BIOT,2025-10-08
902668400,GB,RW & JM HOLT,2025-10-14
358800,NL,Steenman,2025-08-28
316536,NL,VOF Wilmsen,2025-01-27
307215,NL,Hopman,2025-10-16
394156,NL,JJJM Klep,2025-09-30
1304403456,BE,BRAEKMANS COMMV,2025-09-23
22354008,FR,GAEC SANTEZ ANNA,2025-10-13
22219137,FR,GAEC CORNEAN,2025-10-02
902321200,GB,BH & AE WORTH,2025-09-23
277455,NL,"RIPHAGEN, H",2024-11-20
027901901,GB,J D & B F BROADLEY & SONS BRUNDCLIFFE FARM B,2025-09-22
3103316855,BE,Van Poucke Lana,2025-10-01
419835,NL,Van Creij Dairy,2025-09-22
767563,NL,Maatschap Roelofsen Gendt,2025-09-04
170146,GB,D & S Morrison,2025-09-25
08124015,FR,GAEC DE LA BASSE WARBY,2025-09-21
146579001,GB,MR ANDREW GRAHAM,2025-10-07
776396,NL,VOF Bom Melkveebedrijf,2025-09-23
916150100,GB,T A GREENBANK FARM,2025-08-29
35210047,FR,GAEC DU GUESNEAU,2025-09-14
182234,NL,Zantinge Voerman CV,2025-10-14
313292,NL,mtsveltkamp-muis,2025-10-03
413305,NL,Mts Kuylaars,2025-09-27
375931,NL,Maatschap Verweij-Floor,2025-09-20
22176188,FR,EI rouxel Julien,2025-10-04
146551401,GB,FRANKIE MCFARLANE,2025-10-07
152226,NL,Mts Zwakenberg,2025-10-09
3301200693,BE,JOREN DEBLOCK,2025-09-18
901243600,GB,F PHILLIPSON & SON,2025-10-07
084665701,GB,JOSH BANKS EAST CLOSE FARMS,2023-03-21
313649,NL,Melkveehouderij Tommele C.V.,2025-09-18
11927,NL,melkfeehalderij politiek engwier,2025-03-26
6433970,NL,A.G.M. Kooiker,2025-09-19
6245010,NL,Vof Veehouderijbedrijf Treure,2025-10-10
4300900578,BE,Van de Walle Commvlo,2025-10-01
22206041,FR,GAEC De L'affiche,2025-08-19
63045073,FR,GAEC DES BLANCHONS,2025-09-22
901341900,GB,MEADOW LEA FARM,2025-08-28
1321049,NL,Maatschap van Will,2025-09-29
1317716,NL,P G A M DILVEN,2025-01-24
305963,NL,Maatschap verploeg- van beurden,2025-09-23
6089977,NL,Mts de Jongh,2025-10-07
407225,NL,van Wezel - de Roy,2025-09-13
901377100,GB,"LYNCH, GARRYHORN",2025-09-16
046393102,GB,F M ATTFIELD & SONS,2025-10-09
404008,NL,Van Herwijnen,2025-10-08
3601060534,BE,De Wulf Stijn,2025-10-06
141730700340,DE,Landwirtschaftsbetrieb Holger Hochstein,2025-10-03
01046062,FR,GAEC DE STIVAN,2025-10-07
146636501,GB,SAYERS BROTHERS 47 BARRON RD DONEMANAGH STRABANE TYRONE,2025-09-14
109348101,GB,"J TURNER, LOWER SLETCHCOTT FARM, KINGSNYMPTON, UMBERLEIGH, DEVON",2025-06-09
320450,NL,de koppel,2025-10-09
366483,NL,VOF Appelman de Wit,2025-10-08
9922,NL,C.C.S. Dijkstra-Poppe,2025-10-17
980656,NL,S. Smit,2025-10-11
22240017,FR,GAEC de la Ruais,2025-09-30
35074003,FR,EARL JBZH,2025-09-25
50072018,FR,Romain Boudet,2025-10-02
50443192,FR,SCEA DE LA COURBE,2025-10-13
152594,NL,Mts. Ridder - Kuiper,2025-10-14
35080009,FR,SCEA de la Boffetiere,2025-10-02
024556001,GB,G R & M GARTH & SON CALLOW HILL FARM,2025-10-19
106344,NL,Melkveehouderij Rm de Boer,2025-09-11
523697,NL,VOF Klep-Buijs,2025-10-15
392873,NL,Melkveebedrijf Menu,2025-09-09
306917,NL,EBBERS,2025-10-08
22014182,FR,GAEC de l'Ormelais,2025-09-04
915583700,GB,DAVID & MATTHEW GORDON,2025-09-22
912421900,GB,MR SEAN MCGEARY,2025-09-10
909136700,GB,MR IA & SEM & DE MAINWARING,2025-09-21
024825601,GB,J W & J M HARGREAVES BRIDGE END FARM,2025-09-22
29162010,FR,AUFFRET PIERRE,2025-10-06
109319401,GB,P J GRYLLS & SONS TREWORDER FARM,2025-10-03
305561,NL,H v VUREN,2025-10-12
6153322,NL,Jm Anker,2025-09-10
812470,NL,H. Balder,2025-09-20
902764000,GB,D M ROBERTS & SON,2025-10-21
912453400,GB,DAVID MCCARRAGHER,2025-09-30
38845,NL,Mts. van der Wal & van der Wal van der Veen,2025-09-09
35273019,FR,Gaec LE BOUILLON,2025-10-09
38028047,FR,GAEC DU MONIN,2025-09-29
4201101423,BE,philips gilbert en stijn (vvzrl),2025-09-22
257248,NL,Melkveehouderij Knol,2024-08-08
246912,NL,J.A. Middelwijk,2025-09-03
50427088,FR,MR CASINE JULIEN,2025-05-16
047006201,GB,T SMITH & SONS BUMBLEBEE HALL FARM,2024-07-29
1190483,NL,Melkveebedrijf de bont,2025-09-09
1102314969,BE,Verbreuken thys bvlo,2025-09-16
44729,NL,mvb Ypma,2025-10-03
485962,NL,A. Poot,2025-02-18
39504001,FR,Earl des BUIS-Daloz,2025-10-16
901247200,GB,J H TOWERS & SONS,2025-10-10
909024600,GB,MESSRS PEILE LIMITED,2025-09-17
146607202,GB,MR CAVAN JOHNSTON - ADAMS FARMING LTD,2025-02-12
366957,NL,Firma S+G Pool,2025-09-21
43111039,FR,GAEC DU MISTRAL,2025-10-01
056762703,GB,HARTPURY UNIVERSITY HARTPURY HOUSE,2024-11-06
108103301,GB,C T Holmes,2025-02-28
912434200,GB,SAMUEL & MARK HUTCHINSON,2025-09-30
901235300,GB,WEAVIAN FARMS,2025-09-17
911483100,GB,MR DAVID BORLAND,2025-09-19
1990384,NL,Maatschap Pijs-Nuiten,2025-09-09
300864,GB,Noel Savage,2025-09-11
524029,NL,Maatschap de Meijer,2025-10-01
6056285,NL,R.R. Iwema,2025-09-25
902540100,GB,"P B SUTTON & PARTNERS, HIPSLEY LANE",2025-09-05
3500364733,BE,Simon-Beuselinck,2025-10-17
378158,NL,Vof de Bruin,2025-09-13
351230,NL,Mts. van der Hulst,2025-10-04
018383102,GB,MESSRS W MESSENGER HOWES FARM,2025-09-17
52234008,FR,SCEA DE L'ECLUSE,2025-10-06
915458500,GB,Mr Mark Glenn,2025-09-09
918276200,GB,MR WM BLACK,2025-09-30
473008,NL,Maatschap Zeestraten,2025-09-21
4103101515,BE,DE SMET REGINA,2025-09-17
12627,NL,V.O.F. Gorte-Ziel,2025-10-01
349905,NL,Fa Zant den Hartog,2025-09-26
22140027,FR,GAEC Morfouasse,2025-09-03
22202006,FR,GAEC FOLLEZOU,2025-09-10
402392,NL,C. VAN BEEK,2025-09-24
4107900991,BE,Dubucq Kurt en Jonas,2024-08-25
7200322023,BE,MAATSCHAP PINXTEN-CLAES,2023-08-03
35180006,FR,GAEC LEROMAIN,2025-09-15
50502247,FR,TOCZE CHRISTOPHE,2025-09-15
6053642,NL,MTS EJ en HA Klein Kranenbarg,2025-09-24
422822,NL,J P A       BOUWENS,2025-02-13
911504500,GB,"Brian, Ryan & Eoin McCollum",2024-10-25
150675,NL,"ELZINGA, S",2023-03-23
168674,NL,Melkveebd Mulder - Heemskerk,2025-10-08
35072016,FR,TROPEE Bruno,2025-09-23
161523,NL,Vof Dijkema,2025-09-24
418324,NL,Kusters VOF,2025-09-20
912429800,GB,Eric & Jonny Clarke,2025-07-07
7202711758,BE,BONHOMME RENE,2024-08-07
226509,NL,melkveebedrijf G.W. Van den Berg,2025-10-16
146644001,GB,COLM O'MALLEY 50 DUNDALK ROAD,2024-10-11
921072001,GB,J E A OWENS & PARTNERS,2025-09-17
067122001,GB,GARETH HUGHES TANDDERWEN,2025-10-07
426244,NL,M J A DORTMANS,2025-10-11
438500,NL,Mts Verhoeven Mandemakers,2025-10-12
46255043,FR,DAMIEN DESCARGUES,2025-10-03
018874801,GB,"R & J McDONALD, KELLOE MAINS FARM",2025-08-21
057951901,GB,"J H B GAY, BROADFIELD FARM, TETBURY, GLOS",2025-10-15
280277,NL,Firma de man,2025-10-07
509446,NL,Maatschap Brugman-van Wilgen,2025-10-09
6153683,NL,Melkveebedrijf van Wichen,2025-10-10
50312024,FR,EARL LA PATIENCE,2025-10-15
915575100,GB,MR MATTHEW BLACK,2025-09-18
359517,NL,VOF Rol,2025-10-02
155357,NL,"VEENHUIS, MTS HJ+JH",2024-12-10
63144171,FR,Earl Gregoire Philippe,2025-09-26
901104700,GB,RJ WILLCOX LIMITED,2025-09-17
916670600,GB,A NELSON AND SONS,2025-09-29
909502900,GB,T A HARESBACK FARMS LTD,2025-09-16
29163022,FR,EARL HENRY,2025-10-09
018548902,GB,J L & G J TWEDDLE GARTHORNE FARM,2025-10-16
35343,NL,Zuidema,2025-10-19
163741,NL,MTS BOSMA-BOONSTRA,2025-10-17
345600,NL,Firma Coevert,2022-08-21
405605,NL,Maatschap Kessel,2025-10-20
68092011,FR,SCEA DIRRIG-MEISTER,2025-10-01
153074,NL,Van der werff,2025-09-05
443100,NL,Maatschap Konings Hanssen,2025-05-02
3302663575,BE,JAN DEBLOCK,2025-09-30
9836,NL,Firma van Dijk,2025-08-26
452036,NL,Maatschap Conjarts,2025-10-08
058806601,GB,A J & C M GIBBS LOWER BENTLEY FARM,2024-02-05
351481,NL,Van Dalen Vleescentrale,2025-10-16
354110,NL,Firma Kaatee,2025-10-08
2648697,NL,VOF Samsom,2025-09-19
56092073,FR,EARL DE LA GRENOUILLERE,2025-10-16
22386007,FR,GAEC DE QUATREVAUX,2025-10-17
109366101,GB,W J & B A KNELLER MIDDLE BURROW FARM,2025-09-25
911844900,GB,Andrew McNeill,2025-09-19
229685,NL,Roddenhof,2025-09-21
35106022,FR,EARL Aubry,2025-09-04
50262184,FR,GAEC ROGER,2025-10-10
357485,NL,N.T.J. de Jong,2025-09-23
6585206,NL,Mts. Westerhof,2025-10-14
362085,NL,Firma van Baar,2025-10-12
413611,NL,MTS W. en T. Jennissen,2025-10-19
35331010,FR,GAEC LAMBARD,2025-10-07
4107901193,BE,Van Kerkhove Wim,2025-09-23
238810,NL,Mts. Dankelman,2025-09-26
448112,NL,H.J.M Wilms,2025-09-11
525107,NL,Melkveebedrijf Vriends,2025-09-16
73054131,FR,Gaec Croes du Bachal,2025-10-06
901239200,GB,EH & R ECCLES,2025-09-30
078721902,GB,I G & H M E JONES & SONS GILFACH (2),2025-09-22
274197,NL,Melkveebedrijf Gerritsen,2025-10-07
414586,NL,m.t.s A&J Maas,2025-09-09
146659401,GB,ANDREW PARK,2025-10-14
262965,NL,Mts buitenhuis,2025-09-16
146619601,GB,MR BRIAN TRIMBLE,2023-07-31
1304007170,BE,Goris commvlo,2025-10-16
865111,NL,A van der Heiden,2025-10-02
1102813410,BE,Van Dijck Eric,2025-09-27
73128034,FR,EARL LA FERME D'ISOLA,2025-09-15
902194200,GB,F E CHILMAN & SON,2025-10-06
122005,NL,VOF Verhoef Spanga,2025-10-13
35215176,FR,EARL GAVARD,2025-10-08
22032128,FR,GAEC de Langanou,2025-10-02
146638301,GB,"ROBERT & STEPHEN CRAWFORD, 55 WATERFALL ROAD, RALOO, LARNE",2025-10-03
911407400,GB,Mr Raymond Gillespie,2023-03-22
1116838,NL,S+D de Wildt,2023-07-13
445919,NL,Rops Dairy,2025-09-29
70367006,FR,GAEC De Rosière,2025-10-13
146642701,GB,ALAN PAUL 9 CURRAGH ROAD,2025-10-14
FR22248004,FR,GAEC DU VIEUX MANOIR,2025-10-14
2449377,NL,G.D.G. de Klerk,2025-10-19
912198800,GB,David & Matthew Carrick,2025-10-17
904658800,GB,"MESSRS J & I WILSON, CARSKERDO FARM",2025-07-16
183484,NL,Maatschap M. en A. Hummel,2025-10-04
317102,NL,Hfm Arts,2025-10-16
29111023,FR,GAEC DU HETRE,2025-09-18
29122151,FR,GAEC DE TUDAVAL,2025-10-10
016872102,GB,P H & E A HEBSON TOWN END FARM,2025-09-18
109417302,GB,A F & V A & N A MAYNARD COLLYHAYES FARM,2025-07-31
108910702,GB,J C P HAWKEN PENWENHAM FARM,2025-10-20
4601601790,BE,Vermapa Maes Comm Vlo,2025-09-30
066133202,GB,R S TAYLOR & SON BRYN EITHIN FARM,2025-07-02
7202301126,BE,VAN DAEL ERIK,2025-06-02
524885,NL,FJM van Dijck,2025-10-01
235088,NL,Cjm Boerkamp+da Boerkamp-Boers,2023-12-21
086437501,GB,E J LACEY & SONS BOLTER END FARM,2025-10-07
39049010,FR,GAEC du chaudot,2025-10-02
29191098,FR,GAEC DE KERBIRIOU,2025-06-23
49026273,FR,GAEC DU CHÊNE VERT,2025-10-06
76099251,FR,SCEA DU MESNIL GRAND AVOINE,2025-09-24
166731,NL,Mts Hofsteenge,2024-07-03
1202429,NL,J Wijnker,2025-10-02
284871,NL,Arfman J.B. en G.H.E,2025-09-30
38058,NL,Firma de Vries-Wester,2025-10-02
87834,NL,mts Bakker,2025-10-04
4300202077,BE,Maatschap De Wulf,2025-09-16
22249145,FR,GAEC De L'horizon,2025-10-21
50551254,FR,GAEC ANGOT JP,2025-09-17
913287400,GB,MR PHILIP TRUESDALE,2025-07-03
109813001,GB,D J & J E MERRIN HENDHAM VIEW FARM WOODLEIGH KINGSBRIDGE DEVON,2025-09-26
94117250,DE,Stuijt GbR,2025-09-17
124979,NL,A. Hoekstra,2024-02-08
263830,NL,D. van Middelkoop,2025-10-03
275158,NL,De Olde Poll,2024-08-11
902428700,GB,TS & C I JERMAN,2025-10-06
902626200,GB,PIKEHALL FARMING LTD,2025-10-14
901062000,GB,"H & NM EVANS, DANYCAPEL",2025-10-14
59241037,FR,GAEC DES RETEAUX,2025-10-02
22081002,FR,GAEC Du Pont Harcouet,2025-10-07
43042113,FR,THOMAS THIERRY,2025-10-14
22164022,FR,Le Bouette Jacques,2025-04-16
56203115,FR,EARL DU QUINQUIS,2025-09-09
50593219,FR,GAEC DE LA PONTISERIE,2025-10-01
214889,NL,VOF Miskotte,2025-10-19
19596,NL,P de Jong,2025-09-03
028934401,GB,R J V MCNAUGHER NORTHWOODS,2025-05-26
901513400,GB,W SCHUG,2025-10-07
055207302,GB,M S C WHEELER & SON PURSHALL GREEN FARM,2024-06-14
4401203834,BE,Willems Ruben,2025-10-17
358484,NL,J.J.M. OUT,2024-04-03
416395,NL,Rundveebedrijf Timmermans Westelbeers V.O.F.,2025-09-10
50187078,FR,Earl des rousses,2025-09-08
029991803,GB,J M & J M PIERCE & SONS GLEBE FARM,2025-09-16
1101705283,BE,PEETERS HANS LV,2025-09-26
449094,NL,Biologisch melkveebedrijf Ebbers,2025-10-09
141882600093,DE,Agrargenossenschaft Dorfchemnitz e. G.,2025-10-06
76741060,FR,GAEC COLBOC,2025-09-09
029021101,GB,W CONDER & SON SANDBEDS FARM,2023-12-14
28886,NL,Mts. Politiek,2025-09-16
24480,GB,Robert King,2025-10-14
29014006,FR,GAEC DE BLEVARA,2025-03-26
108932001,GB,B J & S K THOMAS STONE VIEW NORTH NEWTON,2025-09-26
107989001,GB,F J & L A POOLE ELMSCOTT FARM,2025-10-17
057940001,GB,T S & M OAKES BEACON FARM,2024-05-23
842464,NL,Landbouwbedrijf van Dorp,2025-10-06
3300960318,BE,Dejonckheere Jeroen,2025-04-30
1200203834,BE,Johan Smits,2025-10-16
35190016,FR,GAEC DU ROCHER,2025-09-02
902191600,GB,"NL, MP AND RJ BROWN",2025-07-05
909037900,GB,MESSRS FISHER,2024-08-15
427566,NL,V.O.F. van der Linden,2025-09-22
913290100,GB,MERVYN & AMANDA MCGIMPSEY,2025-04-11
417648,NL,Melkveebedrijf Huijsmans,2025-10-03
1303505703,BE,Mertens-Van Ginhoven COMM VLO,2025-09-28
451996,NL,Mts Frijns Geelen,2025-09-29
